kills,damageDealt,walkDistance,rideDistance,swimDistance,boosts,heals,headshotKills,matchType
3,1290.17,4381.7,19.53,26.96,7,0,2,squad
13,1427.84,3855.25,384.29,4.58,6,3,1,duo
8,552.62,191.86,809.92,4.77,5,7,5,squad
7,145.64,588.2,430.73,41.2,5,0,2,duo
10,960.89,1467.71,806.59,24.67,4,0,2,duo
8,884.54,4484.63,484.78,17.96,1,4,0,squad
6,137.09,3779.46,862.59,31.03,6,5,0,squad
2,2476.99,2717.9,203.1,32.2,1,2,5,solo
6,1789.89,589.94,712.05,16.31,6,1,4,duo
2,932.82,439.81,845.02,6.67,4,3,2,squad
6,804.01,1139.82,389.41,19.67,7,6,0,solo
7,779.77,4704.91,633.72,49.46,7,6,0,duo
13,1936.15,1213.88,658.98,18.36,0,1,2,solo
14,1840.74,3761.43,722.9,28.64,1,2,5,solo
8,1771.5,223.33,591.46,22.22,7,7,4,duo
6,1883.86,248.48,20.17,28.58,5,2,0,solo
7,356.66,576.94,619.43,38.55,4,2,3,squad
8,644.55,711.91,4.07,42.42,2,6,5,duo
12,2268.39,2181.88,746.59,28.75,5,5,5,squad
8,2344.12,221.28,581.69,17.48,1,0,3,solo
13,383.55,2492.75,49.03,21.03,1,5,5,duo
12,37.26,3461.55,904.36,11.28,3,5,4,squad
9,2496.12,1786.32,556.64,30.23,5,7,4,solo
9,162.91,870.43,552.29,9.68,3,2,3,squad
13,1969.5,511.85,548.5,11.61,5,7,0,squad
8,2380.23,2608.69,726.87,5.66,1,6,3,solo
11,1993.32,2232.93,158.42,12.36,3,0,2,squad
12,1289.31,1565.51,14.97,31.97,5,4,4,squad
3,859.06,170.58,113.42,37.41,0,4,5,duo
14,1061.97,29.23,958.31,34.97,1,6,4,squad
9,1959.89,1083.46,94.19,37.23,0,6,1,solo
14,1927.41,4548.53,771.15,0.62,7,2,3,solo
12,716.3,3525.96,993.84,40.8,4,2,4,solo
1,2136.02,1555.51,568.2,9.15,7,0,5,solo
14,1672.61,896.19,570.07,27.51,4,6,5,squad
7,1991.98,1023.91,759.92,32.24,0,3,3,duo
2,1483.98,2963.65,400.88,15.27,5,6,2,squad
0,1367.36,471.32,285.53,17.13,5,2,1,duo
6,556.31,4395.45,65.15,47.94,5,1,1,solo
7,1860.25,3183.98,518.19,36.61,7,0,2,squad
6,92.31,3748.2,560.18,36.29,4,3,1,squad
1,601.63,2331.15,203.4,28.13,5,4,1,duo
11,250.09,4797.62,399.76,5.64,4,6,3,duo
11,1387.3,2129.45,538.82,26.1,2,1,0,squad
4,98.89,4015.99,21.95,4.89,6,5,1,duo
3,2177.22,2257.12,289.22,48.46,0,2,5,squad
6,198.76,1607.69,894.54,28.14,4,0,5,solo
8,1177.3,1944.53,796.02,32.14,7,2,3,duo
1,2349.7,2804.02,834.18,26.41,3,4,3,squad
0,104.21,3091.73,154.99,0.73,3,4,1,squad
4,1313.26,1739.11,593.35,40.92,3,5,1,squad
0,1530.71,2510.33,462.14,30.99,5,7,1,solo
14,191.2,1141.53,624.68,35.29,0,5,0,duo
11,26.6,2394.05,945.04,39.93,2,5,2,duo
9,1263.89,132.52,328.82,14.44,7,1,5,squad
1,656.47,1218.36,746.3,5.55,0,2,1,duo
13,273.58,4395.57,666.68,15.16,6,5,3,solo
3,1246.39,1762.19,304.6,27.64,5,7,3,squad
8,697.2,3153.35,275.28,0.57,4,6,3,squad
6,866.01,4060.32,609.71,2.71,2,2,1,squad
2,1545.87,537.27,31.61,47.31,1,1,4,solo
13,686.07,3412.35,479.2,10.98,0,1,3,duo
4,292.2,2895.58,875.52,48.41,3,1,1,duo
14,158.39,3108.46,991.68,13.5,5,2,0,solo
13,207.34,4752.47,425.61,0.18,0,4,1,squad
0,1685.05,4426.01,47.0,0.29,5,3,2,duo
2,900.91,3428.78,334.12,41.25,4,2,5,squad
2,759.2,3115.6,525.47,7.72,3,0,1,duo
11,544.76,1061.55,173.21,32.43,2,3,3,duo
6,323.86,1960.11,121.0,46.63,3,3,0,solo
12,1319.86,4704.76,659.66,47.28,6,7,5,solo
13,932.09,3102.48,31.52,40.97,3,5,1,squad
3,705.13,233.42,419.71,20.44,1,3,3,squad
6,1978.76,352.48,203.6,47.12,2,7,1,solo
8,105.96,914.98,755.92,26.93,1,5,2,duo
10,398.62,1802.74,869.11,2.82,2,2,0,solo
5,1222.89,10.16,740.25,28.98,1,1,1,solo
4,1023.68,732.53,2.59,25.29,1,3,3,duo
8,979.47,4627.98,200.69,16.6,1,3,4,solo
7,248.53,1495.0,621.08,20.03,6,7,2,duo
13,1020.96,130.03,281.79,2.43,5,6,5,solo
13,1653.72,2116.6,340.62,46.06,6,3,1,squad
11,281.09,4523.51,156.68,20.36,4,0,4,duo
11,354.57,3404.21,433.22,15.13,3,6,2,duo
12,345.71,2863.72,477.28,39.83,4,4,3,squad
9,973.21,2173.79,204.3,16.23,7,2,4,duo
10,1136.34,3457.27,29.38,14.05,4,3,4,duo
8,1683.28,3420.28,312.13,9.02,6,4,3,duo
8,2226.94,3420.72,49.82,36.59,5,0,3,solo
0,1955.19,2422.12,283.23,21.97,6,4,4,solo
9,2430.94,3405.59,995.91,4.82,7,1,0,solo
1,1833.74,436.7,756.92,4.2,0,7,3,solo
11,676.57,2915.12,25.96,18.27,1,7,2,squad
2,938.9,2849.95,128.03,9.7,6,3,3,duo
0,2418.41,1146.26,84.71,41.31,3,0,3,solo
4,1158.71,931.77,80.34,24.28,3,5,4,duo
14,1547.79,1075.31,703.23,6.4,6,4,1,solo
12,208.85,2424.68,368.8,12.8,5,0,2,squad
0,524.25,533.02,837.89,18.96,1,3,0,solo
12,2209.52,949.48,472.74,28.1,3,4,4,squad
8,364.19,660.78,287.25,33.17,7,7,4,squad
0,1956.59,4017.25,145.56,41.56,5,3,3,solo
8,1849.27,95.27,957.62,31.2,3,6,2,solo
7,1488.71,95.21,229.53,46.48,0,5,4,solo
12,2443.66,2113.28,904.72,39.9,6,0,0,solo
5,610.88,1910.76,156.34,33.4,3,1,0,duo
10,467.76,1318.6,54.07,30.34,5,1,4,duo
9,1848.01,2854.61,865.91,46.01,2,4,3,solo
0,1096.1,1345.21,653.7,3.78,7,3,0,solo
2,2191.33,3521.84,582.12,11.87,7,1,0,squad
11,1846.81,112.85,646.45,8.26,5,6,4,duo
3,2333.62,426.93,758.27,17.19,0,1,0,duo
4,956.58,3769.77,435.38,40.76,0,5,3,solo
1,1567.74,2342.83,278.23,4.32,5,5,4,duo
8,989.9,889.93,638.8,34.6,3,4,3,solo
9,32.38,1835.1,698.69,9.86,5,4,2,duo
0,2278.45,3691.78,396.33,45.57,2,6,3,duo
6,1286.42,3014.52,58.41,18.43,3,2,1,solo
9,1283.19,4245.2,403.58,29.75,7,2,2,squad
2,1740.64,1636.47,361.14,17.44,2,0,5,squad
11,1552.05,150.36,464.46,45.76,0,4,4,squad
0,589.94,2214.66,22.25,18.78,3,5,3,solo
10,1498.56,1082.45,623.01,34.23,0,6,0,squad
2,259.64,4251.61,382.8,31.29,7,1,1,solo
14,1511.2,2105.33,853.61,29.7,3,5,5,duo
13,793.89,3906.46,242.97,12.0,6,3,3,solo
14,512.45,1643.79,11.27,16.22,1,7,2,squad
3,66.33,727.71,319.93,7.38,3,7,3,squad
1,1385.25,878.65,631.92,40.5,5,0,5,squad
6,1270.63,3914.44,533.42,41.07,6,0,2,squad
9,2148.28,85.28,709.33,20.65,1,4,3,squad
3,832.66,2441.08,973.75,7.45,0,4,3,squad
6,27.06,4307.37,311.99,33.41,1,3,5,squad
4,240.99,2336.09,892.11,3.37,1,1,0,duo
10,2198.5,4577.59,158.05,12.13,0,4,5,squad
7,574.29,259.02,253.41,13.67,2,6,4,solo
3,1378.75,4794.29,781.42,37.62,2,2,4,duo
10,868.96,4783.65,471.77,21.95,3,6,0,duo
4,2215.86,1792.31,265.07,17.84,3,5,1,solo
11,1981.11,1052.81,491.54,41.83,3,1,4,solo
5,566.12,3883.43,801.04,36.59,1,1,0,squad
2,1423.96,1315.21,969.91,36.69,0,0,2,squad
4,495.99,2398.38,394.12,45.55,7,3,4,squad
0,1049.49,2073.56,239.68,30.31,3,4,2,duo
10,174.16,4694.84,565.2,23.58,4,2,0,duo
5,1745.31,385.14,639.46,28.91,1,0,4,squad
4,333.94,3928.17,30.55,27.55,1,3,0,solo
5,870.55,3295.5,9.26,24.97,2,3,4,duo
8,1446.52,1737.46,567.44,32.56,0,5,0,duo
12,1321.88,3513.31,534.58,17.34,4,0,4,duo
4,348.19,770.41,574.78,15.34,0,2,1,squad
1,150.18,3451.55,84.05,41.0,3,1,0,solo
14,2088.6,1823.93,623.22,28.36,7,4,2,duo
0,239.36,1200.98,501.66,2.42,2,7,5,squad
2,1867.66,1980.08,194.26,24.26,5,0,2,squad
11,1296.07,3330.07,516.91,1.27,5,6,3,solo
8,1379.23,2505.85,293.91,22.24,7,2,3,duo
3,172.15,1083.73,51.65,4.53,7,4,1,squad
14,1797.98,1372.26,806.32,31.45,5,7,4,solo
3,2451.88,1357.97,699.34,22.53,1,5,5,squad
11,1766.66,1544.78,309.37,48.77,3,5,5,squad
8,488.96,841.26,41.74,6.14,5,0,2,squad
10,1358.97,2365.35,107.17,40.54,3,7,2,duo
0,1250.74,1783.09,751.55,11.83,3,4,0,solo
5,2444.83,4718.97,254.96,49.91,3,2,2,squad
10,1323.0,3737.88,627.18,47.16,3,1,0,squad
3,150.26,167.11,629.08,14.04,5,6,0,duo
3,523.84,4960.22,147.64,12.2,7,6,0,duo
4,2399.93,3970.02,457.95,33.96,7,5,0,duo
13,332.83,4768.03,171.47,0.11,6,3,5,duo
2,1857.44,4997.25,746.25,13.15,1,6,2,duo
2,1138.45,3532.04,938.97,15.35,4,7,4,squad
10,2387.88,3709.27,772.72,48.27,7,3,5,squad
5,464.33,328.58,873.6,18.58,1,7,0,squad
9,949.75,1261.75,503.33,46.47,4,0,4,solo
0,1925.72,4976.9,966.18,3.56,6,3,1,solo
3,1219.27,2559.94,969.41,25.23,7,3,4,squad
14,1614.97,4158.6,289.87,44.16,6,3,2,duo
1,410.03,4003.71,813.3,25.16,5,7,4,solo
14,1034.08,3760.73,568.46,12.92,1,7,3,squad
11,2462.14,4495.27,778.62,28.43,1,2,0,duo
13,1000.73,4624.85,20.7,21.5,4,3,3,solo
8,2275.13,4155.78,866.9,3.61,5,6,2,solo
14,769.87,4680.45,278.43,1.07,0,7,1,squad
1,955.29,3386.21,551.01,4.04,7,4,5,duo
2,362.55,771.27,812.66,19.01,0,5,2,squad
2,376.08,4858.09,475.23,18.08,0,3,0,solo
2,406.28,2245.75,708.69,16.87,5,6,0,solo
0,1741.44,2581.59,768.08,17.43,1,1,5,duo
0,1657.78,140.13,686.32,27.14,5,5,1,squad
6,703.85,1161.06,410.42,33.37,7,3,5,duo
10,479.73,3177.27,454.59,9.5,2,2,0,squad
3,1365.34,542.42,612.75,4.28,6,2,0,squad
14,581.28,2297.78,903.84,8.05,4,7,0,solo
0,357.82,3106.34,985.66,44.02,5,3,2,solo
10,626.77,1780.21,751.68,25.49,5,1,0,squad
6,514.85,528.86,235.3,43.36,5,7,2,squad
12,770.42,390.23,744.48,47.34,7,4,4,squad
1,696.96,3525.53,390.72,13.0,1,6,3,solo
6,1140.93,4770.21,998.11,38.98,2,3,1,duo
10,195.55,3982.42,373.84,23.46,1,4,0,solo
10,2012.55,2807.29,201.73,16.53,1,2,3,solo
2,462.77,2191.87,80.44,49.27,4,3,1,squad
5,58.14,824.11,285.62,45.93,6,2,5,duo
1,2312.0,1452.87,327.85,15.43,3,4,0,squad
7,589.16,4576.13,630.36,3.04,2,6,5,squad
4,1535.86,1417.05,396.21,38.47,3,4,0,duo
0,1150.49,4916.8,799.64,8.36,2,7,3,squad
2,1239.51,1257.42,815.76,13.31,7,0,0,solo
5,539.57,524.6,630.85,23.13,2,7,0,duo
6,1256.31,836.48,116.77,33.6,1,5,3,duo
0,1171.06,2097.59,635.04,20.62,0,1,5,squad
13,1286.56,11.32,141.13,36.26,3,4,4,duo
3,2079.06,3065.54,615.79,7.8,7,7,5,squad
9,537.95,2078.98,685.86,39.07,6,2,1,duo
13,584.57,135.18,133.33,49.62,4,2,5,duo
8,1048.04,2368.37,251.08,20.31,0,7,1,squad
6,665.56,2018.1,692.79,20.85,5,4,5,squad
2,573.32,3119.12,74.49,9.64,3,7,5,squad
12,413.18,3514.55,885.55,22.75,2,5,4,duo
0,2396.55,770.16,973.1,11.73,5,7,5,solo
0,2235.66,4398.2,339.48,0.6,1,5,2,solo
12,1833.12,4043.74,453.64,43.73,7,2,0,squad
2,719.64,3062.22,619.43,13.75,6,1,2,duo
9,254.46,282.63,237.78,16.04,6,0,5,solo
3,753.2,2672.55,379.86,30.8,4,4,2,duo
5,262.73,1487.32,202.44,28.65,7,1,2,solo
1,967.73,2760.22,364.67,11.37,5,1,4,solo
12,1837.75,4376.82,644.96,29.36,0,0,1,squad
8,72.82,4867.33,117.54,49.67,7,0,0,squad
13,683.55,4248.06,415.35,2.02,3,6,1,squad
4,1025.05,3714.52,951.54,15.0,3,3,1,duo
5,1160.09,1966.73,644.98,16.6,2,4,2,squad
6,797.0,1938.64,430.26,6.76,2,0,3,duo
11,53.33,82.17,335.71,6.06,1,0,1,squad
10,2405.45,4118.89,845.94,26.63,1,3,4,squad
3,2336.64,4268.95,221.26,49.14,6,1,1,squad
14,2225.6,2018.41,839.69,29.23,7,4,2,squad
13,628.24,4059.43,82.0,30.71,5,2,1,duo
11,229.05,3621.4,493.64,17.61,7,2,2,solo
14,1037.6,278.1,391.48,47.13,5,3,1,solo
11,240.36,3248.21,233.39,12.46,2,4,0,duo
1,2343.1,3270.65,784.4,10.03,0,4,4,solo
12,1319.27,2551.95,531.37,32.06,4,7,2,solo
0,684.71,3527.16,643.82,26.46,0,2,4,solo
10,2190.73,3291.94,741.49,28.46,3,6,3,duo
2,1768.99,590.83,275.39,25.35,2,1,4,solo
4,855.4,4993.6,157.76,2.37,4,4,5,solo
2,534.97,3405.64,133.05,46.11,0,2,0,duo
6,349.83,1874.69,659.13,46.3,2,7,4,squad
6,74.68,1906.79,139.13,23.06,0,3,4,squad
3,864.95,693.46,264.61,1.26,0,7,1,duo
9,2313.07,2434.61,769.65,1.51,3,6,4,duo
3,925.15,694.48,445.41,29.1,6,1,4,solo
11,2188.11,292.21,979.54,28.95,0,6,4,squad
10,594.6,2730.32,928.12,11.71,7,1,3,squad
14,1849.17,2629.11,896.82,40.05,0,5,3,solo
11,154.5,4952.85,698.71,3.17,2,2,0,solo
2,235.91,4147.11,822.99,13.92,2,3,1,duo
11,2471.3,2042.12,938.92,21.08,4,7,5,solo
13,1010.66,1815.86,266.09,6.28,0,1,3,squad
11,1132.26,4202.3,894.51,17.0,1,4,1,duo
1,794.66,4858.21,785.32,49.78,5,2,3,squad
3,1427.89,3457.16,860.23,14.96,5,6,3,duo
4,1360.96,4225.09,176.9,44.68,1,4,4,duo
1,614.84,1201.22,786.64,49.18,0,1,3,solo
11,167.12,4449.42,127.31,1.52,7,6,5,solo
12,1801.65,1873.04,570.85,30.76,2,7,3,duo
13,1610.86,4135.29,471.09,43.08,4,5,0,squad
8,1193.21,214.49,599.74,45.88,1,4,3,squad
4,932.23,2465.91,730.9,20.94,2,5,0,squad
7,1448.96,1671.62,664.95,38.8,7,1,3,solo
0,227.22,2573.68,370.85,40.04,7,2,3,squad
8,2382.35,4949.75,367.31,3.24,6,3,5,duo
2,1030.91,4953.56,199.5,32.91,5,1,0,solo
13,869.12,3160.31,20.38,49.38,4,0,0,duo
9,1218.36,4309.5,224.4,41.93,2,3,3,solo
8,598.85,4867.55,74.02,15.52,1,3,5,solo
14,1118.45,4953.14,529.46,19.02,6,5,1,duo
12,2438.24,915.45,848.48,24.42,0,1,0,solo
14,865.88,4337.16,455.85,7.62,1,5,2,squad
3,885.54,49.82,571.81,20.63,4,5,5,squad
3,1500.21,3795.15,27.69,25.36,5,0,4,solo
1,931.24,3848.5,278.44,16.2,7,3,3,duo
0,282.68,1130.43,311.74,33.0,0,3,1,squad
8,831.25,1756.44,407.66,11.54,7,6,3,squad
12,508.29,1287.17,848.72,47.77,3,5,2,duo
11,2150.27,1218.83,971.7,45.67,4,4,4,duo
12,2195.76,150.68,456.95,3.42,1,2,4,duo
12,1297.77,423.6,98.07,49.33,3,5,2,solo
9,591.91,3009.23,590.43,35.1,6,1,0,duo
7,554.0,2818.24,77.52,23.6,6,7,4,duo
11,1765.13,4979.28,670.3,48.55,3,5,4,solo
5,1902.53,1645.02,156.53,30.72,1,1,2,squad
6,999.42,4941.58,800.5,13.23,3,3,4,squad
5,2443.32,3483.82,435.14,9.66,4,5,5,solo
8,1925.65,1433.09,350.6,21.13,0,2,5,duo
14,2489.06,4162.36,807.69,46.73,4,0,4,solo
14,714.81,2909.93,503.97,16.79,5,1,0,squad
8,1503.96,305.89,963.94,11.43,3,3,5,duo
8,1797.24,431.41,684.97,0.09,4,7,5,squad
7,997.93,4764.82,924.23,8.28,3,2,0,solo
12,1315.05,2877.01,968.88,37.95,2,3,3,duo
1,1219.08,2854.55,313.31,19.25,1,6,2,squad
12,489.86,3822.43,608.29,12.28,4,1,3,solo
13,1298.22,1603.38,682.18,21.28,7,2,4,squad
9,170.64,3828.79,923.11,24.2,1,4,0,solo
1,2015.12,1211.72,588.52,43.19,7,1,4,duo
11,2270.17,2380.25,331.45,4.59,3,1,5,duo
5,194.65,1504.62,316.86,9.14,7,6,0,squad
0,790.95,1353.94,662.75,37.51,6,6,5,squad
1,1719.84,4832.39,343.39,32.11,4,7,0,solo
10,616.1,2335.77,219.48,45.87,2,0,4,squad
1,1340.64,2121.24,631.28,0.6,1,4,1,squad
14,509.96,1502.88,71.06,40.15,5,0,5,squad
9,1507.04,2699.39,745.37,0.98,2,7,4,squad
6,272.62,2220.31,796.76,36.49,7,1,3,duo
1,1059.21,4825.45,991.75,6.12,5,4,3,duo
5,1393.21,3862.27,908.56,46.11,0,6,0,duo
11,118.61,3910.34,651.11,12.05,0,2,0,duo
2,2103.68,1511.24,851.41,47.02,6,0,1,squad
14,972.47,2678.1,805.06,14.02,5,4,3,squad
0,770.85,4022.14,920.08,7.49,2,2,0,duo
3,2139.86,4806.4,515.16,6.55,6,2,0,duo
10,936.73,3715.94,528.34,20.05,7,0,0,squad
9,119.08,4013.69,169.86,9.62,2,4,3,solo
3,49.13,4835.07,297.47,7.67,6,2,4,squad
7,1813.0,3154.19,655.09,7.32,4,5,4,squad
5,1569.45,951.9,677.78,1.77,5,2,3,squad
7,1167.46,4388.36,411.49,29.22,3,4,4,duo
1,1429.83,2363.9,455.52,24.99,7,7,5,solo
14,1886.71,58.01,114.39,7.71,3,3,3,duo
12,942.73,2289.46,443.01,46.06,0,2,3,solo
9,1014.56,2049.51,615.85,37.19,3,5,5,squad
13,2145.42,4542.63,644.47,34.75,4,7,1,squad
0,636.14,2820.05,954.67,6.67,2,4,0,duo
11,996.46,1570.24,934.45,20.02,0,4,5,solo
6,2215.0,3376.85,623.42,44.34,7,5,5,duo
1,703.19,2188.68,306.48,29.32,0,3,2,squad
1,1967.26,4597.57,987.82,43.25,6,0,5,duo
6,518.99,4049.81,740.95,11.38,5,3,3,squad
2,1577.82,4611.04,172.39,45.23,7,3,0,squad
4,268.86,830.56,648.14,44.92,0,0,2,duo
14,220.32,1886.76,524.3,43.64,6,4,4,solo
6,615.05,3950.84,228.39,33.88,0,3,3,duo
6,1128.74,4518.3,239.76,20.32,1,7,0,squad
8,2260.33,1853.36,51.33,9.99,3,0,3,solo
0,410.37,1177.39,923.67,25.48,6,5,5,squad
11,1316.37,1826.96,829.57,3.79,1,0,4,squad
10,284.62,2935.86,798.0,16.86,1,7,5,duo
3,2002.98,1656.17,810.76,40.21,5,7,4,solo
13,22.59,740.79,890.17,47.05,6,6,3,squad
4,295.51,2210.39,677.03,43.55,1,6,0,solo
8,1681.79,3083.27,32.06,1.25,6,6,0,duo
11,2491.61,3006.38,963.51,16.7,1,1,3,duo
6,437.65,4080.23,840.69,30.13,1,4,3,duo
1,2225.45,3746.65,406.53,30.15,0,5,1,squad
13,1750.03,50.01,726.68,23.71,4,5,4,squad
14,820.01,3318.07,587.39,39.0,2,1,5,duo
13,1089.83,334.05,278.87,23.65,1,2,2,solo
14,1354.43,4504.26,844.38,6.71,0,7,1,squad
6,918.72,3029.91,3.62,25.88,0,2,4,solo
7,730.59,1941.19,984.66,11.1,5,6,3,squad
3,645.04,2839.18,239.27,11.73,0,7,2,squad
12,433.31,17.58,656.25,26.51,5,3,3,duo
10,526.82,4209.02,410.82,7.88,3,4,0,solo
3,2228.69,2423.97,185.05,8.89,2,6,3,squad
5,1670.2,1557.3,933.64,39.67,7,2,5,solo
4,1183.83,4205.32,291.17,22.2,2,2,5,solo
7,1993.95,630.34,135.77,46.54,3,6,2,solo
9,1051.49,3000.48,531.61,26.81,2,6,1,solo
13,1147.27,1752.36,42.57,47.36,0,7,0,duo
14,933.46,3801.97,16.09,37.41,6,1,5,duo
7,1922.84,2574.71,930.0,42.58,4,3,2,solo
3,106.35,4618.84,224.54,17.23,4,2,0,duo
14,539.46,2768.22,624.14,25.92,3,2,4,solo
14,2216.24,2562.56,34.07,49.09,2,1,5,squad
0,1636.66,4400.06,620.24,3.51,2,5,1,solo
12,1056.85,86.04,758.47,31.8,5,3,3,duo
12,2057.81,4221.94,922.9,33.15,0,2,3,duo
10,502.68,185.72,293.94,5.21,7,2,0,duo
10,225.71,1047.92,591.49,12.28,6,0,3,squad
4,706.22,2368.83,216.68,25.11,7,4,0,duo
6,1152.65,1030.41,67.08,5.86,3,1,0,squad
13,1356.81,116.64,3.12,15.8,4,5,2,squad
8,2278.55,856.13,624.05,47.78,1,4,0,solo
0,2401.32,3187.65,206.44,2.53,1,6,3,solo
6,1841.89,2286.01,612.94,15.68,1,7,0,squad
9,1683.33,1717.33,304.41,2.87,3,5,5,solo
3,2369.52,4838.8,455.9,34.92,2,2,3,duo
2,843.19,2877.58,716.68,23.32,7,1,4,duo
8,1252.93,2505.22,541.55,0.37,2,0,3,solo
1,1190.23,4179.24,207.48,19.01,1,0,5,duo
5,1753.99,160.97,872.6,46.25,6,1,4,squad
12,2216.63,855.99,925.75,22.85,7,2,2,squad
4,507.04,3534.66,235.65,11.68,1,5,1,duo
13,2411.89,1857.24,66.56,37.33,3,6,3,squad
6,1925.35,2555.22,220.18,16.46,1,1,1,solo
5,416.61,4137.21,27.39,17.09,2,2,1,duo
0,1686.91,2912.54,266.16,49.48,5,5,1,solo
11,890.59,1740.07,690.27,20.91,3,2,4,solo
11,2018.15,139.89,819.15,13.77,4,3,5,duo
10,2161.59,4270.06,275.81,33.34,1,3,4,duo
10,1606.64,4183.71,948.71,48.01,2,6,2,duo
1,752.18,2217.51,993.41,29.76,4,2,3,solo
8,1735.76,4860.78,595.98,17.63,4,1,1,duo
7,917.66,3627.63,630.5,27.54,7,5,0,duo
11,1946.64,2862.25,361.87,42.34,2,4,4,duo
1,1839.62,4410.51,643.73,24.94,2,5,4,squad
3,1423.03,4456.27,42.28,38.38,4,1,2,squad
1,2212.83,255.4,395.06,41.42,7,0,2,duo
6,38.58,3068.92,150.37,25.83,5,6,2,solo
3,1745.51,17.92,725.49,44.78,4,3,4,solo
3,367.23,2616.31,676.09,36.59,3,0,5,squad
4,2406.3,3370.36,214.18,41.46,0,7,1,duo
4,818.01,2177.09,538.9,4.55,6,4,2,duo
0,2399.86,4391.97,861.17,13.07,6,6,4,squad
7,1720.85,142.48,182.93,42.92,5,4,4,squad
1,2039.15,175.08,550.39,42.78,3,6,0,squad
11,360.64,1423.84,412.58,24.06,3,0,1,squad
1,2051.14,2135.11,441.51,45.31,2,2,0,squad
0,153.22,4920.62,71.19,36.41,0,7,0,solo
3,439.32,1504.22,937.27,21.99,0,2,3,duo
9,343.84,3322.73,912.08,0.95,0,4,2,solo
5,375.73,447.12,872.9,30.62,0,0,3,squad
9,1093.45,2520.34,185.64,43.4,3,7,5,duo
2,1631.02,1255.97,208.44,35.0,5,5,3,duo
14,2461.8,4028.88,608.5,40.47,4,1,2,squad
8,780.45,4409.1,953.8,2.07,2,2,0,squad
11,969.08,4027.23,414.02,33.82,2,5,2,squad
8,161.3,2934.67,135.13,39.21,4,4,3,solo
4,1192.67,2105.8,384.91,27.2,3,6,1,solo
4,2310.46,3120.28,100.9,25.96,3,4,0,duo
7,650.85,1528.39,36.69,41.97,1,4,5,solo
14,518.2,3034.07,956.63,10.06,4,7,0,solo
9,1219.89,745.36,895.1,14.63,5,4,3,duo
14,1854.11,4117.31,455.77,21.02,4,1,1,duo
3,718.88,290.75,704.21,11.78,0,3,3,solo
14,33.11,4170.92,449.44,20.63,2,2,5,duo
1,2157.79,24.98,171.85,22.57,7,1,3,squad
2,1749.8,851.21,268.46,41.88,4,5,2,squad
7,1593.04,337.74,237.38,2.91,7,3,2,duo
6,724.85,1722.26,743.76,3.63,6,5,3,solo
1,283.47,3060.7,263.97,12.91,6,5,0,duo
1,1771.64,1673.23,23.04,16.32,4,2,2,duo
1,76.81,1271.85,62.12,37.17,2,0,3,duo
9,1657.32,2569.61,478.08,9.48,2,1,4,solo
10,1518.35,2693.86,548.29,28.25,2,6,5,squad
8,236.65,1219.49,226.87,34.83,0,6,1,duo
0,120.21,3932.64,363.98,17.86,1,5,2,solo
7,1486.47,1983.57,915.13,26.14,2,1,3,solo
7,563.23,2968.09,998.56,35.52,5,5,4,squad
0,1553.7,3573.05,912.59,49.08,0,7,5,duo
10,324.42,2841.73,887.85,5.9,4,4,2,squad
13,691.93,809.19,171.09,29.84,6,4,5,solo
10,1043.36,4107.69,161.22,19.82,0,2,1,duo
5,2405.48,231.67,5.0,2.37,6,1,2,duo
11,720.37,4195.19,295.43,28.58,0,5,4,squad
13,747.2,1409.49,113.48,2.72,7,4,2,solo
12,1819.69,1528.65,135.44,5.66,7,4,5,solo
10,1669.68,2387.27,278.2,11.69,1,6,5,squad
2,1320.07,2712.33,952.78,42.47,7,6,3,solo
10,1251.21,1868.95,750.09,42.62,4,3,4,squad
12,289.35,3990.8,15.49,22.46,5,6,0,squad
5,952.89,3531.35,101.14,4.15,6,4,2,solo
0,2124.11,134.21,276.45,25.53,0,4,2,duo
0,793.6,2758.99,125.99,30.17,4,1,0,squad
9,584.45,4229.49,340.21,38.41,4,7,0,solo
8,2455.76,2322.95,448.9,45.32,1,6,4,duo
3,1975.65,4297.61,72.95,12.56,5,3,0,squad
1,2015.9,2576.03,98.35,48.47,3,1,0,squad
11,1127.99,1233.88,749.93,11.73,7,3,3,duo
10,728.93,3308.37,36.63,44.61,0,6,1,squad
7,2056.72,2893.57,869.96,1.17,4,7,4,squad
4,1022.13,483.26,946.52,44.49,6,3,3,duo
11,974.55,4211.71,875.75,46.58,7,3,3,duo
12,2350.02,730.72,42.29,29.89,6,2,5,duo
13,1197.57,1393.02,682.18,26.66,0,1,2,squad
4,1025.67,1040.92,635.96,11.82,1,7,5,squad
3,1549.74,1520.86,168.45,7.6,7,5,0,solo
13,329.69,1427.76,565.16,3.25,0,7,5,duo
7,812.58,3511.52,766.11,44.13,1,4,4,duo
12,2259.46,2337.8,630.83,43.77,1,4,1,squad
4,246.76,2715.27,243.17,33.11,5,7,1,squad
7,1883.48,3403.63,463.76,31.18,0,1,5,solo
8,2387.92,1198.56,30.96,25.78,7,4,1,squad
1,1582.13,3209.93,220.3,30.41,0,3,0,solo
8,1974.2,1910.43,670.38,42.36,0,1,3,squad
9,2303.71,3905.0,918.5,48.31,2,5,3,squad
7,448.44,4029.75,11.45,3.66,7,2,5,duo
9,401.99,2391.62,881.51,27.35,6,0,5,squad
7,2086.52,954.75,14.55,28.02,7,6,3,duo
11,438.74,3532.56,387.62,33.53,7,1,4,duo
3,1771.57,2498.94,813.36,35.17,6,0,0,squad
8,580.33,4588.06,379.03,42.15,2,4,2,duo
5,2179.74,3405.43,792.81,2.24,6,3,1,squad
9,621.45,3232.97,514.44,6.85,4,5,3,duo
2,1683.49,4037.59,594.24,3.15,2,2,5,duo
10,223.17,707.52,523.51,13.79,2,4,1,solo
8,140.19,1224.09,537.04,35.43,4,2,5,duo
6,916.18,3510.39,951.02,2.84,1,1,0,duo
1,698.89,951.15,778.61,34.68,7,6,3,duo
6,303.38,2119.96,380.77,8.83,5,0,0,squad
1,1516.23,4920.36,152.26,22.27,4,7,0,squad
5,1765.44,2814.56,467.99,37.19,2,6,0,squad
8,2384.92,1799.6,935.14,8.83,3,1,4,squad
6,780.37,1206.25,576.92,40.37,7,6,3,solo
6,1913.12,1422.21,151.16,5.84,4,6,2,squad
3,2112.11,1236.46,663.88,1.83,1,6,2,duo
9,220.81,1838.95,78.43,33.73,3,6,5,squad
9,1772.73,1293.73,456.04,8.4,2,0,2,duo
5,772.86,2580.67,778.93,26.96,0,4,0,squad
7,1344.13,1892.7,219.98,6.15,3,1,5,squad
7,1437.89,4001.67,524.46,17.82,4,0,5,solo
0,1053.12,1385.04,312.19,20.83,7,5,5,duo
1,361.96,3992.49,708.17,18.27,4,1,3,duo
4,2478.0,3382.36,854.98,31.92,1,0,1,duo
0,846.19,3350.98,896.52,45.15,5,3,5,solo
4,46.64,58.24,21.75,29.86,3,5,5,solo
3,954.34,2547.22,248.91,17.47,3,3,5,duo
14,844.28,2494.64,543.18,35.57,4,4,3,duo
8,2095.8,201.71,379.55,47.9,3,0,2,solo
11,111.07,4888.09,477.81,13.83,7,0,2,squad
4,1288.82,1172.21,177.33,35.88,0,7,2,solo
2,1570.53,1966.55,169.77,25.19,0,4,4,solo
10,1919.56,2079.99,793.82,43.54,7,2,1,duo
1,2185.14,1785.03,673.1,7.6,3,2,1,solo
7,2290.13,3487.24,640.21,11.9,2,1,5,solo
4,1678.72,469.81,273.47,22.18,3,5,1,squad
12,897.24,198.29,513.65,35.98,7,6,5,duo
7,1049.94,4754.1,430.17,29.22,4,3,2,squad
8,575.36,3079.75,856.78,37.09,4,6,0,solo
0,2099.97,268.95,2.35,41.91,4,1,5,duo
6,1558.72,2575.99,165.28,22.53,3,4,5,squad
2,295.38,4743.89,164.53,9.76,7,4,0,solo
2,2312.19,197.7,400.94,15.21,4,2,5,duo
6,573.59,3680.84,813.82,32.44,7,0,3,duo
13,2316.02,3551.9,542.41,9.01,1,6,4,squad
6,1386.0,608.74,596.22,0.82,6,3,5,solo
11,344.37,3706.54,321.85,42.99,3,5,0,duo
3,1638.68,4880.99,545.58,17.11,0,6,3,duo
14,814.95,3801.74,33.77,10.39,1,4,3,duo
14,2358.68,103.17,940.07,42.01,1,2,2,duo
0,602.99,1474.5,795.65,42.0,7,7,0,squad
7,2101.1,4995.05,887.67,8.47,7,6,4,solo
8,2409.69,2900.83,948.69,44.91,3,6,0,solo
10,816.08,1034.81,436.62,15.86,0,1,0,duo
4,1442.66,3728.15,4.98,11.58,5,4,3,solo
0,134.27,2004.4,815.71,25.91,6,2,3,solo
4,102.89,540.87,760.06,24.0,1,4,1,duo
12,1451.71,1452.08,631.89,21.61,7,0,2,squad
10,2494.39,3195.83,86.86,8.41,5,6,4,squad
0,901.35,3818.0,548.5,3.34,6,0,3,squad
1,1351.35,1934.28,911.72,42.21,5,3,0,solo
14,407.28,568.97,187.12,31.2,0,6,0,solo
0,1413.94,4251.66,318.89,41.85,3,3,3,solo
8,1655.98,1481.48,612.88,24.51,6,6,4,squad
4,2019.7,921.73,11.74,28.07,6,2,2,solo
4,1365.75,3954.85,836.55,27.98,1,0,2,solo
11,1665.28,2643.72,324.29,40.02,4,2,1,squad
5,1210.53,1514.16,314.15,38.96,1,1,3,solo
9,1478.22,4590.88,999.19,18.04,1,6,0,squad
7,1941.39,4908.9,467.16,18.23,1,7,4,squad
11,611.73,4494.64,613.85,29.36,4,5,5,duo
4,2036.44,2750.34,22.91,28.55,5,5,4,solo
4,1769.34,1964.91,196.93,39.77,5,3,4,solo
10,793.88,3794.01,853.75,16.15,5,6,4,solo
4,1154.32,1762.87,548.97,13.7,0,2,0,duo
6,1378.82,4485.75,714.3,21.05,4,5,4,squad
9,1527.44,1027.22,764.52,45.32,1,6,2,solo
5,698.89,2636.64,629.8,6.55,1,2,2,duo
0,453.0,1913.98,439.3,46.28,2,3,3,squad
10,839.62,1051.4,194.79,11.46,1,2,1,squad
4,1030.51,3579.48,42.76,6.58,1,2,0,solo
8,153.69,1418.25,799.91,41.27,7,3,1,squad
3,968.46,3447.54,381.62,20.8,3,3,5,squad
14,2338.38,3337.41,152.63,16.77,4,1,1,duo
7,1544.65,2763.65,197.54,19.09,4,6,0,duo
14,2329.17,61.33,52.6,25.26,3,7,5,solo
11,2002.85,238.68,208.38,0.29,7,4,1,solo
4,1878.75,4645.73,139.48,49.16,2,3,1,duo
6,2283.55,2872.65,809.41,4.23,2,2,0,duo
12,1773.21,1500.92,676.43,49.31,0,7,4,duo
6,2255.8,3661.29,513.12,11.67,5,3,3,squad
10,2155.9,766.12,687.2,23.17,0,3,1,solo
7,422.25,2496.29,655.7,34.92,7,5,2,solo
8,2110.13,585.92,371.74,15.23,3,7,3,duo
14,2225.67,4192.1,911.19,5.15,7,2,5,squad
14,1733.16,543.02,994.83,0.26,3,1,2,duo
5,591.85,1392.64,785.9,38.54,5,3,1,duo
4,1448.42,4643.45,69.44,4.62,6,5,3,solo
14,1737.39,3599.59,783.06,48.96,6,4,3,squad
12,1892.01,1284.11,835.27,37.78,2,6,3,squad
3,1197.91,1782.42,429.38,22.85,3,0,0,solo
8,452.1,2090.66,310.64,7.88,4,7,2,duo
0,1434.09,2746.89,169.8,5.54,7,0,3,duo
9,466.29,2624.52,872.03,48.47,3,0,2,duo
4,2169.0,1475.59,183.7,32.61,4,2,1,squad
12,1267.68,163.48,438.43,26.44,2,7,4,solo
1,459.63,72.98,693.67,38.13,6,5,4,solo
1,879.54,1276.55,932.87,2.32,0,1,3,solo
14,631.0,83.07,319.87,26.12,6,1,5,squad
4,1823.24,4868.52,409.85,5.69,3,2,4,squad
8,2061.84,1578.88,968.02,17.9,1,2,2,squad
4,2457.85,920.24,744.76,25.28,6,0,1,duo
6,604.39,2043.3,42.97,29.71,1,2,0,solo
1,1516.66,1258.89,10.89,2.29,6,1,5,solo
12,1637.58,4727.51,141.22,27.33,1,0,2,squad
6,2110.19,912.46,251.47,3.81,0,3,5,duo
14,1521.73,3521.78,105.25,24.18,4,4,1,squad
4,2180.42,1180.25,558.09,17.45,5,6,3,duo
7,2086.48,2607.29,616.5,10.52,5,7,3,squad
13,643.89,4541.04,381.23,37.49,2,5,5,duo
2,1395.9,1940.25,834.41,13.82,2,5,2,duo
3,984.1,3993.83,741.13,24.95,4,5,1,duo
1,211.87,2877.7,873.45,40.46,3,0,5,solo
8,1394.35,2552.83,518.62,40.46,2,1,3,squad
2,2459.94,1788.58,2.85,13.09,6,1,2,duo
0,1095.77,4205.09,729.28,22.4,1,0,0,squad
8,2241.31,2494.58,832.13,21.32,2,3,4,duo
12,1874.17,1987.92,757.46,20.75,0,6,5,solo
13,1369.91,1957.76,123.59,12.41,7,6,1,squad
3,1565.76,1989.29,250.99,36.97,1,2,5,squad
5,2451.71,946.55,472.95,3.9,2,6,5,squad
10,870.24,1766.01,843.83,23.15,3,3,1,squad
8,371.56,1514.82,373.79,36.32,4,5,5,duo
12,1270.91,2235.49,489.86,43.47,3,5,2,solo
4,741.18,209.87,841.12,42.19,7,4,4,duo
4,1527.4,500.58,163.03,9.29,3,2,5,squad
12,2016.36,4019.27,175.93,28.81,3,3,1,duo
14,359.76,4859.06,19.1,33.82,2,5,2,solo
10,1493.9,4323.47,798.94,19.57,7,5,2,squad
14,1870.4,3227.71,667.32,15.1,6,1,5,squad
14,862.68,3057.59,524.78,42.24,4,5,4,squad
14,1732.05,956.29,327.7,17.03,2,3,0,duo
13,1353.84,2767.88,753.33,10.02,4,7,2,solo
13,496.02,1704.4,183.16,45.36,4,7,1,squad
6,329.66,3920.27,14.19,31.67,4,3,3,squad
12,1242.72,1324.74,580.94,44.25,3,0,3,duo
9,2064.8,2480.02,216.5,20.03,5,2,2,solo
7,2495.47,4560.32,958.64,2.9,5,4,0,duo
7,578.66,4908.03,172.75,16.09,5,4,5,duo
13,2353.41,2481.89,578.21,47.98,4,0,5,solo
7,2185.84,2375.16,114.58,2.52,7,0,4,solo
8,1443.5,4925.47,418.1,20.77,1,7,4,solo
2,678.36,4693.15,45.98,6.34,6,6,3,squad
9,669.18,4286.75,431.52,11.99,1,5,4,solo
6,1509.83,1419.82,85.01,22.42,1,1,3,solo
2,1796.44,4521.08,235.83,34.4,3,1,1,squad
1,2360.23,4250.31,745.64,44.0,3,7,1,squad
4,1920.89,2482.64,572.27,40.01,0,1,5,squad
14,27.5,2645.17,480.96,16.97,2,2,5,squad
2,1479.27,4872.37,472.13,8.55,3,0,5,solo
5,1546.15,2573.09,809.2,7.33,5,1,5,duo
10,1064.39,679.45,372.25,11.05,2,7,5,squad
1,880.58,4359.16,720.43,37.75,7,1,4,squad
4,1331.02,4380.84,437.71,17.84,0,2,4,duo
3,1172.35,3490.36,785.83,48.52,7,6,3,squad
12,652.81,1649.23,972.99,47.3,0,2,2,squad
6,1811.26,1569.67,799.07,22.18,3,4,0,squad
10,655.82,1998.78,668.66,49.41,2,6,3,squad
11,1696.74,1194.06,948.81,22.74,6,0,3,squad
7,31.04,3604.43,19.56,48.9,7,6,1,solo
14,462.3,4896.23,936.86,48.25,0,1,3,duo
13,780.15,2077.14,381.34,43.57,3,2,1,squad
5,1088.46,3854.23,321.76,49.58,7,1,3,duo
11,1137.07,1337.62,977.5,16.97,4,5,2,solo
3,1146.54,1685.69,136.59,13.38,0,3,5,squad
9,1747.11,2272.19,344.78,30.63,1,0,3,solo
12,1738.77,804.26,868.94,18.71,1,0,2,solo
13,2042.29,426.11,807.21,6.8,0,6,1,duo
5,189.07,4576.56,491.51,12.71,1,0,0,solo
6,2029.07,3591.14,243.52,28.18,3,7,5,squad
2,2253.72,4922.23,329.97,4.16,0,4,1,squad
1,418.23,704.65,273.29,49.58,5,1,0,duo
8,2470.59,3837.81,467.97,25.89,4,0,5,squad
8,1616.83,4066.56,756.52,25.16,4,0,2,duo
1,1228.89,752.62,613.78,32.68,6,6,2,solo
3,2235.93,3107.32,691.95,16.12,4,7,3,squad
12,2370.73,1218.2,999.15,20.18,4,2,1,squad
5,1323.84,346.19,841.51,9.35,2,6,5,squad
10,944.73,1449.69,741.78,14.67,4,2,1,solo
14,1609.18,992.54,914.2,31.08,6,2,0,duo
8,391.91,4306.35,449.38,44.42,4,5,0,squad
2,1577.98,3509.65,246.96,34.71,5,3,3,duo
9,262.54,72.68,623.93,41.18,5,0,1,solo
8,1451.45,2466.97,199.57,33.93,6,5,4,solo
4,880.85,370.62,840.4,18.83,7,4,5,squad
13,336.67,4920.65,378.06,9.67,0,4,5,duo
5,723.95,1233.95,912.97,29.28,3,6,0,duo
3,1371.21,2033.53,572.08,44.86,7,3,3,solo
3,1302.82,576.97,166.79,3.18,2,3,3,squad
7,1663.54,4449.3,289.81,1.32,3,4,3,duo
6,1622.81,1229.73,971.85,45.29,5,6,3,duo
7,2287.35,1969.09,548.54,26.45,7,4,3,solo
0,2016.15,2881.8,328.11,2.9,2,7,0,squad
13,1970.26,3834.55,475.77,33.6,4,0,1,duo
12,1625.63,522.97,196.62,5.4,6,4,5,duo
13,1317.91,3759.33,806.57,4.03,6,3,2,duo
2,1009.88,1345.08,765.14,31.77,6,6,1,duo
7,1584.94,560.18,22.15,24.72,3,2,2,duo
6,67.44,651.84,531.84,33.27,4,5,0,solo
4,1993.21,3819.0,716.07,31.29,3,0,5,squad
0,475.69,3031.6,789.82,47.19,1,6,2,solo
1,690.13,4340.6,237.52,21.01,0,4,2,duo
2,914.72,4536.64,69.27,41.59,4,1,2,solo
11,832.2,2607.03,577.97,34.43,7,7,3,solo
9,2044.46,2623.01,344.33,34.64,2,7,0,solo
11,1606.69,4101.56,286.08,39.92,4,6,3,solo
0,2176.01,3211.04,96.79,23.96,5,6,1,duo
4,1647.65,3749.3,380.86,4.42,7,5,1,solo
2,2068.16,553.58,702.5,46.31,2,4,5,duo
13,2284.59,1908.39,489.18,1.89,5,3,1,solo
11,1097.19,2777.87,72.89,46.31,5,4,5,duo
14,1780.22,4869.12,688.58,17.75,5,2,2,solo
14,1801.13,3438.52,307.62,4.51,2,5,1,solo
7,435.57,4862.94,685.27,24.14,0,5,0,solo
5,607.38,1777.93,883.41,27.69,1,7,0,solo
6,1969.07,3618.3,897.28,0.04,0,7,5,duo
4,2206.77,3563.06,44.88,23.59,6,4,1,solo
0,192.2,4014.17,274.87,40.92,4,4,3,solo
9,1715.79,3830.4,145.67,49.86,3,3,4,duo
3,2217.66,3049.35,402.21,11.79,4,2,1,squad
8,366.43,1174.42,887.98,44.74,7,3,1,squad
3,105.3,4262.02,439.95,48.06,0,6,5,squad
0,1233.94,1836.43,57.8,15.19,3,2,3,solo
12,458.4,3662.17,579.85,12.15,0,1,0,squad
0,2292.51,296.8,181.89,42.46,0,2,3,duo
5,1124.73,895.7,27.96,25.37,6,5,0,solo
12,2463.45,285.87,740.3,5.04,3,2,4,solo
3,1381.76,159.49,777.24,38.59,2,7,2,duo
12,2432.97,89.61,345.87,27.13,1,3,2,squad
2,1284.63,2491.74,987.86,5.15,1,1,4,duo
11,1248.4,685.43,111.68,13.03,7,6,5,solo
9,388.95,2716.94,220.35,23.93,2,2,3,squad
8,609.06,2841.78,692.28,38.48,2,2,5,solo
0,249.67,4306.24,792.57,28.64,7,1,3,squad
11,235.76,1992.56,992.6,46.53,0,4,2,solo
7,1129.78,1318.83,830.89,47.15,1,5,2,squad
6,1233.64,1207.1,975.65,28.99,5,7,0,squad
5,2066.65,4285.67,293.83,46.04,1,4,2,squad
4,1313.77,2800.11,835.01,22.8,7,4,1,solo
4,443.1,494.15,528.45,32.25,2,7,2,solo
13,36.84,116.7,994.3,48.97,2,6,5,solo
9,1217.47,943.92,313.21,31.8,7,3,0,duo
10,607.43,4359.97,312.18,29.12,3,4,1,solo
7,1667.71,4259.21,184.81,18.99,3,7,0,squad
12,1586.42,520.24,300.88,46.14,5,1,5,squad
13,696.96,2680.62,449.02,29.28,3,6,3,squad
14,351.35,4265.78,195.47,24.01,1,2,5,squad
6,481.77,4758.95,545.47,16.46,1,2,5,squad
0,1929.79,4711.2,284.35,6.3,4,0,3,squad
7,798.18,2357.79,67.43,13.42,1,1,2,solo
6,324.5,1591.17,655.12,3.56,0,1,0,squad
7,943.26,3449.2,527.21,2.47,7,7,0,solo
7,1069.79,196.29,225.47,33.66,2,0,2,squad
5,2110.64,2696.68,998.37,23.97,6,3,5,squad
10,455.22,1745.93,812.18,28.57,5,1,4,squad
11,853.78,833.0,318.51,22.85,2,3,5,duo
3,1694.11,4374.54,741.93,9.17,1,3,3,squad
11,2059.6,52.79,542.29,4.64,3,4,0,squad
0,821.1,1665.69,917.97,4.53,1,0,3,squad
6,94.04,2826.17,753.86,36.83,0,0,4,solo
14,2231.13,1983.45,744.66,31.48,0,0,1,duo
14,49.49,3714.46,294.11,18.16,6,5,5,solo
3,261.13,292.71,248.9,32.43,4,6,5,squad
5,2485.52,1747.64,175.49,4.94,0,2,5,solo
2,1403.39,2035.81,609.41,6.17,1,6,3,solo
10,607.5,3659.28,34.14,21.38,7,1,2,squad
2,1470.58,960.27,97.95,29.76,6,7,0,squad
10,2396.38,4956.67,919.92,28.01,5,2,3,solo
10,30.74,1550.03,382.63,14.7,6,6,5,duo
13,10.17,1088.39,492.21,2.51,0,4,2,squad
10,1732.74,924.8,283.26,48.52,5,6,0,solo
5,1052.42,3196.85,673.71,17.91,5,3,4,solo
13,680.07,91.02,818.23,25.93,6,3,2,squad
0,203.32,3136.99,25.28,13.64,1,3,1,squad
13,2259.26,404.39,928.8,20.68,0,1,0,squad
2,1000.85,1483.15,116.76,32.61,5,1,3,squad
10,1171.35,1826.95,984.09,48.67,5,0,1,duo
10,250.28,135.78,273.75,32.39,6,1,3,solo
9,1461.8,3040.5,818.77,47.14,2,1,4,solo
1,189.16,4592.99,85.38,0.11,0,6,3,solo
14,2175.47,1798.26,563.36,26.81,5,6,5,duo
2,1928.19,2938.4,194.02,14.37,4,5,4,duo
8,2107.51,527.48,610.74,6.68,4,3,0,duo
11,2007.31,3175.23,963.03,29.97,1,0,4,solo
3,1725.82,2857.22,618.06,44.29,2,1,0,squad
4,353.42,2615.79,788.43,3.29,6,7,4,solo
3,1061.42,1471.81,651.61,9.8,5,4,2,solo
4,1753.23,1046.7,349.92,39.96,4,4,1,duo
10,1080.62,3400.08,355.91,23.06,2,7,5,solo
14,1371.4,451.77,770.46,3.88,1,1,0,solo
7,1640.69,419.68,512.86,37.91,2,6,0,duo
3,275.72,3942.12,169.74,43.09,4,5,3,squad
6,669.93,3593.66,901.29,37.44,1,5,2,solo
0,1913.2,4331.31,257.29,20.34,1,4,4,solo
0,661.69,377.41,245.61,40.41,0,4,0,duo
4,2161.05,4702.81,929.48,49.0,0,6,4,duo
11,2098.41,1731.51,455.23,8.82,4,0,4,solo
14,1996.79,3951.99,653.52,8.59,2,0,0,duo
9,1618.34,1677.9,890.13,28.02,6,3,2,duo
7,1425.61,3164.76,684.23,34.04,2,7,4,solo
0,610.45,4230.05,715.1,8.75,1,0,5,solo
14,1413.92,3468.92,586.82,48.24,2,0,0,duo
2,1014.41,1292.62,844.72,26.45,7,5,4,squad
0,356.81,3201.92,66.78,0.36,3,2,5,duo
11,1964.56,3431.12,643.54,49.69,6,7,1,duo
7,2420.64,2999.86,173.27,17.36,2,5,1,duo
13,2171.42,831.19,17.23,5.56,7,5,2,solo
2,673.0,4825.53,180.43,45.44,0,7,4,duo
2,1940.95,1790.31,375.93,17.31,4,7,3,duo
1,1974.11,2092.32,206.66,34.23,0,7,1,duo
1,1466.27,2351.4,700.7,0.36,3,3,1,solo
13,1653.34,3315.93,491.63,38.6,7,5,1,squad
13,1057.23,2386.36,782.39,33.31,2,3,2,solo
0,1648.09,1507.35,498.68,19.46,5,2,0,squad
12,183.26,1796.87,745.83,35.76,6,6,0,squad
2,1362.94,4886.3,332.1,42.76,0,1,5,squad
13,2303.36,4888.14,272.05,6.99,4,5,5,solo
3,2431.8,828.09,349.57,46.33,7,3,4,solo
14,371.76,4448.43,961.45,48.03,1,0,0,duo
4,2294.63,315.39,304.2,8.13,5,6,3,solo
12,1310.39,3846.1,676.64,4.7,1,5,0,solo
0,1853.69,1462.86,63.23,8.31,6,7,2,duo
13,2440.6,1767.96,699.5,19.19,3,1,5,squad
0,563.41,3572.56,660.8,8.42,2,2,0,squad
12,2387.49,4449.93,220.5,5.16,5,3,0,solo
2,2189.12,2160.8,834.84,5.24,0,1,2,solo
9,1072.85,2279.64,899.51,9.33,4,6,0,duo
4,135.69,991.35,863.61,8.13,1,5,1,squad
3,327.66,1234.25,911.84,15.01,5,7,0,squad
11,1537.79,2862.04,232.83,28.2,4,6,1,squad
7,919.38,257.6,600.38,1.29,2,5,1,duo
7,2193.89,2148.55,301.29,16.17,6,6,2,solo
2,666.57,88.25,210.28,11.53,0,3,1,squad
14,825.46,2032.18,551.24,9.43,2,4,2,squad
9,273.19,2941.95,418.48,28.69,2,5,1,duo
5,1007.76,4706.82,465.13,21.38,3,2,4,solo
14,753.56,4534.92,102.2,34.28,7,2,3,duo
6,817.22,1483.24,315.16,7.78,7,0,2,squad
5,324.59,4313.84,138.32,26.0,0,4,4,duo
10,622.19,3574.7,960.35,7.16,3,6,5,solo
4,1988.13,2503.13,238.8,45.5,5,3,5,solo
14,1060.67,4133.24,717.28,43.98,4,2,1,squad
1,150.0,1289.07,504.75,7.23,5,2,2,duo
5,1261.36,4521.49,996.99,39.94,2,7,3,solo
7,1390.55,538.97,493.75,9.62,7,6,0,duo
6,2160.74,4410.49,432.46,36.26,5,4,2,squad
9,887.62,2446.97,717.72,40.87,6,1,1,duo
9,1126.78,2078.7,108.74,14.69,4,3,2,squad
14,1019.55,2239.69,990.23,41.61,3,2,4,squad
8,221.12,3171.42,61.83,18.15,4,3,4,duo
9,53.03,3018.18,978.4,27.33,2,5,5,duo
6,1199.67,3761.64,86.54,38.96,0,4,3,solo
5,1339.07,2462.2,413.78,22.77,5,6,0,duo
9,1779.86,73.81,153.5,22.04,5,7,3,squad
12,743.77,1327.43,718.35,18.68,2,3,0,duo
3,839.7,4075.49,793.04,47.02,4,5,2,duo
12,199.15,3474.66,684.66,41.4,1,4,0,duo
10,2131.75,34.46,402.82,15.87,6,5,3,squad
2,995.95,97.57,532.2,27.19,1,3,0,duo
1,542.92,2966.23,574.29,21.57,2,6,0,squad
14,43.79,2913.1,916.85,20.25,1,3,4,solo
3,523.01,3502.95,705.49,6.42,5,6,0,squad
12,1451.51,2651.63,944.61,38.89,4,5,4,squad
14,1982.14,3471.9,458.56,35.46,0,1,3,solo
3,2073.54,3999.37,738.88,16.02,7,7,3,solo
2,744.08,302.47,28.58,34.0,4,3,1,duo
6,2140.99,2869.41,213.59,38.99,4,1,5,duo
9,731.93,276.37,976.71,18.44,5,2,4,squad
12,1286.69,1670.64,570.4,39.09,7,1,5,squad
2,1118.38,1772.37,2.12,45.72,4,0,4,squad
6,1.7,168.96,269.79,35.26,2,3,0,squad
13,1718.36,1096.53,718.35,3.84,5,3,3,duo
8,797.59,4240.5,666.81,48.71,7,0,1,duo
12,2327.46,3224.97,270.54,41.51,4,6,1,squad
10,1290.56,134.69,553.25,8.41,6,7,2,solo
10,1657.11,1315.98,498.6,3.11,2,6,2,solo
13,2497.15,2925.08,502.93,29.31,0,4,1,solo
7,10.17,974.57,39.82,40.01,4,5,3,solo
11,1632.14,1929.42,885.62,30.25,3,0,2,squad
7,1076.64,2487.95,610.34,31.88,3,6,1,duo
3,2480.24,1223.03,205.8,30.08,4,5,2,solo
1,1827.09,2878.38,431.58,16.47,0,2,0,squad
13,1843.6,4232.71,834.58,17.76,2,1,2,duo
8,523.93,529.58,247.2,23.15,1,5,4,duo
11,1794.64,3205.19,523.12,37.94,2,3,1,duo
7,527.1,4860.16,237.73,28.67,5,0,2,squad
4,950.01,2757.73,513.67,7.97,3,5,4,duo
13,2423.4,2166.6,576.3,33.15,0,0,5,duo
3,2336.16,2857.59,139.36,7.86,1,2,0,squad
5,219.45,2371.48,985.86,13.87,6,0,2,solo
1,216.23,1723.04,564.36,31.51,3,5,2,solo
6,820.53,507.24,223.63,48.33,1,1,0,squad
3,2395.49,1446.47,500.78,4.06,5,3,4,solo
4,1373.75,149.64,833.09,39.39,5,0,5,squad
11,940.55,3169.42,329.14,4.27,4,5,5,squad
10,2346.84,1187.56,36.4,45.85,3,0,3,duo
9,1292.1,3340.43,573.59,46.95,5,5,1,squad
10,996.07,3768.14,494.75,11.17,5,7,0,solo
6,1633.98,2317.92,804.89,28.15,7,6,1,solo
0,1756.01,1413.09,835.08,19.19,7,1,5,duo
13,1966.56,4292.74,955.48,26.74,2,1,3,squad
1,1742.13,2815.13,573.69,14.13,7,6,3,squad
6,651.66,334.84,330.74,6.99,6,4,0,solo
3,552.58,2687.27,564.83,41.3,3,6,0,solo
3,925.28,2087.3,462.09,7.94,3,2,3,duo
7,1281.43,81.09,433.97,19.59,7,6,0,solo
5,1448.62,3032.58,143.47,35.14,4,3,0,squad
0,1388.46,771.27,826.93,0.64,7,2,3,duo
13,2244.07,2543.93,77.91,7.76,6,2,0,squad
1,2045.63,4438.09,307.9,25.69,6,3,2,squad
7,1704.45,286.86,107.11,29.26,2,1,1,solo
9,193.89,1073.96,781.69,21.96,5,5,3,solo
7,2209.6,4594.69,624.58,18.14,0,6,5,solo
2,931.49,951.28,238.77,27.58,3,7,2,solo
1,1590.97,2693.51,356.58,37.62,1,6,3,solo
12,788.13,4223.29,809.73,30.35,1,0,1,duo
6,747.01,587.28,451.28,40.61,1,6,0,duo
7,1329.57,1994.69,611.35,31.45,3,5,0,duo
0,1025.18,119.06,265.42,19.46,0,0,3,solo
7,1760.65,745.11,288.89,3.55,0,4,3,squad
0,2272.53,2475.7,164.04,25.61,7,3,5,duo
12,2112.5,526.78,806.62,48.73,4,5,3,solo
1,66.99,4486.85,83.77,4.13,1,4,2,squad
7,481.9,1718.74,525.48,19.76,2,3,3,solo
6,408.32,3933.61,142.11,39.68,6,5,3,duo
1,316.53,4714.22,428.11,49.24,4,5,3,squad
4,848.49,2216.87,179.68,39.96,2,5,1,squad
2,796.88,2897.9,680.46,43.89,0,0,3,duo
2,1877.39,2783.93,151.17,38.62,4,4,3,duo
0,64.65,2146.22,669.58,4.3,1,3,4,squad
4,2018.27,4694.18,385.85,5.17,6,4,1,squad
14,596.47,4603.15,57.85,37.62,7,0,0,solo
10,1741.78,3172.24,339.82,18.59,2,4,1,solo
11,12.38,2666.71,693.51,24.57,4,7,3,solo
1,822.26,2172.8,593.66,3.38,0,6,5,squad
10,589.15,1638.88,261.38,40.66,1,0,1,solo
1,1411.7,4676.6,791.76,39.59,3,6,1,solo
11,298.94,4828.28,755.37,34.87,0,6,3,duo
0,1231.55,3645.85,115.96,1.9,7,1,1,solo
10,2486.83,4167.55,622.05,27.24,6,3,4,squad
9,1183.65,295.23,106.0,14.24,6,2,3,solo
5,1215.9,1619.92,398.01,14.14,1,0,1,squad
4,2186.44,17.06,294.28,36.71,3,2,1,duo
0,2137.8,889.14,264.29,42.33,5,1,0,squad
2,1915.42,408.85,470.42,24.78,0,0,1,solo
8,160.45,3413.3,331.84,2.22,6,6,4,squad
1,935.09,4118.71,13.61,43.0,6,0,2,solo
11,2249.36,4867.33,618.45,4.28,6,7,4,squad
10,1788.42,4830.97,117.77,4.3,1,3,4,duo
14,2345.85,1725.73,165.39,42.19,2,5,1,solo
14,1266.39,558.58,88.6,38.17,1,7,3,squad
11,1913.95,2605.58,636.8,44.58,0,6,0,duo
13,1481.49,527.88,973.71,44.18,2,1,5,squad
9,280.37,3602.63,909.8,14.38,2,4,2,solo
11,674.21,1072.49,394.11,23.78,5,5,0,squad
6,878.17,4028.47,766.19,11.39,3,2,1,solo
2,238.4,1340.72,890.29,12.03,0,1,5,solo
4,2083.14,1122.94,168.27,32.85,0,7,3,duo
13,974.99,4115.3,746.14,29.79,0,4,4,squad
13,180.04,3115.19,188.15,41.44,2,3,3,solo
11,949.48,1021.58,101.49,2.13,7,7,4,solo
4,1810.1,4122.53,411.38,8.4,3,3,1,solo
14,1482.59,3243.62,708.54,8.01,4,0,5,duo
4,885.99,4106.97,47.39,5.21,7,4,4,solo
7,1029.81,4394.38,421.05,33.04,6,5,2,solo
4,1663.14,3527.34,500.94,3.45,4,0,3,solo
3,453.39,3936.44,568.47,31.99,6,4,0,squad
13,2285.53,4967.63,88.61,13.61,4,1,3,solo
1,2439.02,4019.26,315.56,40.61,2,7,2,squad
14,1756.81,4500.46,595.88,3.14,1,5,1,squad
5,808.89,1613.95,598.72,27.17,7,6,0,squad
11,334.07,4679.58,596.12,43.48,2,6,5,duo
13,919.65,1381.53,204.33,46.87,1,0,5,solo
14,1694.96,4195.68,600.0,22.6,6,1,0,duo
11,210.06,3780.43,622.81,13.56,4,1,4,squad
12,2044.93,1430.74,634.08,14.77,7,1,1,duo
4,1631.42,336.34,855.7,24.83,1,6,1,duo
8,832.68,2688.54,971.62,22.23,7,3,2,duo
13,1983.75,3889.21,895.91,46.09,5,0,3,solo
12,185.77,1978.95,523.5,33.09,1,2,0,duo
14,1415.75,4755.3,621.49,35.91,2,5,0,squad
6,1145.18,585.97,560.29,0.91,3,3,0,solo
14,119.14,1559.31,816.28,0.34,6,7,1,duo
12,1973.51,3702.59,767.79,29.53,4,1,4,squad
8,2377.49,2564.86,972.41,7.93,4,3,1,duo
10,741.91,1565.92,402.16,20.27,7,6,5,solo
4,1605.78,115.65,568.96,15.67,5,1,5,squad
12,1515.99,497.44,561.98,33.22,6,0,3,squad
8,1278.25,3192.76,591.19,17.2,2,6,4,squad
14,580.46,4981.18,712.82,44.58,7,2,2,solo
11,1540.36,1166.41,711.31,48.81,1,0,5,squad
10,538.29,2566.0,232.05,25.6,0,6,3,solo
12,880.92,3243.04,158.11,29.27,2,4,3,duo
4,1120.28,4547.79,810.55,16.11,1,5,0,squad
5,1993.17,3700.96,432.46,35.3,7,7,5,solo
8,2275.93,810.55,503.9,36.31,6,2,4,solo
5,2012.2,3873.61,518.54,1.34,6,4,1,squad
